seqnames	start	end	width	strand	paramRangeID	REF	ALT	QUAL	FILTER
chr20	49552904	49552904	1	*	ENSG00000000419	A	G	203	PASS
chr14	77742218	77742218	1	*	ENSG00000009830	C	T	161	PASS
chr14	64343212	64343212	1	*	ENSG00000054654	C	CT	440	PASS
chr14	64399206	64399206	1	*	ENSG00000054654	C	T	115	PASS
chr14	64425280	64425280	1	*	ENSG00000054654	A	G	410	PASS
chr14	64507240	64507240	1	*	ENSG00000054654	A	G	238	PASS
chr14	64549136	64549145	10	*	ENSG00000054654	CTCAAGCATT	C	551	PASS
chr14	64615253	64615253	1	*	ENSG00000054654	C	G	161	PASS
chr14	23795204	23795206	3	*	ENSG00000100836	GTT	GT	383	PASS
chr14	23795204	23795206	3	*	ENSG00000100836	GTT	G	383	PASS
chr14	105610115	105610115	1	*	ENSG00000184916	T	C	155	PASS
chrX	31213803	31213803	1	*	ENSG00000198947	T	C	88	PASS
chrX	31259709	31259709	1	*	ENSG00000198947	A	C	572	PASS
chrX	31368749	31368749	1	*	ENSG00000198947	T	A	165	PASS
chrX	31430450	31430450	1	*	ENSG00000198947	T	C	129	PASS
chrX	31556970	31556970	1	*	ENSG00000198947	C	T	236	PASS
chrX	31656332	31656332	1	*	ENSG00000198947	A	G	183	PASS
chrX	31740507	31740507	1	*	ENSG00000198947	A	G	197	PASS
chrX	31825390	31825390	1	*	ENSG00000198947	G	A	192	PASS
chrX	31877930	31877930	1	*	ENSG00000198947	G	A	486	PASS
chrX	31929618	31929619	2	*	ENSG00000198947	CT	C	611	PASS
chrX	32032511	32032511	1	*	ENSG00000198947	A	G	382	PASS
chrX	32088547	32088547	1	*	ENSG00000198947	G	A	518	PASS
chrX	32158986	32158986	1	*	ENSG00000198947	G	C	436	PASS
chrX	32224435	32224435	1	*	ENSG00000198947	T	C	170	PASS
chrX	32310421	32310421	1	*	ENSG00000198947	T	TTTT	241	PASS
chrX	32393646	32393646	1	*	ENSG00000198947	G	T	218	PASS
chrX	32487337	32487337	1	*	ENSG00000198947	G	A	885	PASS
chrX	32557635	32557636	2	*	ENSG00000198947	TA	T	378	PASS
chrX	32593016	32593017	2	*	ENSG00000198947	AT	A	1084	PASS
chrX	32828836	32828836	1	*	ENSG00000198947	T	C	605	PASS
chrX	32950534	32950534	1	*	ENSG00000198947	T	C	674	PASS
chrX	33015208	33015208	1	*	ENSG00000198947	A	T	504	PASS
chrX	33060008	33060008	1	*	ENSG00000198947	T	TA	279	PASS
chrX	33127697	33127697	1	*	ENSG00000198947	T	TA	848	PASS
chrX	33207009	33207009	1	*	ENSG00000198947	A	G	549	PASS
chrX	33309838	33309838	1	*	ENSG00000198947	G	A	598	PASS
chr1	155618630	155618630	1	*	ENSG00000125459	G	A	224	PASS
chr1	156094367	156094367	1	*	ENSG00000160789	T	C	192	PASS
chr1	26127202	26127202	1	*	ENSG00000162430	T	G	314	PASS
chr1	235638758	235638758	1	*	ENSG00000162885	G	A	277	PASS
chr22	51034867	51034867	1	*	ENSG00000100288	T	C	243	PASS
chr22	33567437	33567437	1	*	ENSG00000133424	G	A	263	PASS
chr22	33584236	33584236	1	*	ENSG00000133424	G	A	529	PASS
chr22	33615843	33615843	1	*	ENSG00000133424	A	G	494	PASS
chr22	33712686	33712686	1	*	ENSG00000133424	G	T	393	PASS
chr22	33829087	33829087	1	*	ENSG00000133424	T	C	542	PASS
chr22	33933733	33933733	1	*	ENSG00000133424	T	A	424	PASS
chr22	33963191	33963191	1	*	ENSG00000133424	G	T	259	PASS
chr22	34015991	34015991	1	*	ENSG00000133424	A	G	198	PASS
chr22	34070628	34070628	1	*	ENSG00000133424	A	T	135	PASS
chr22	34152060	34152060	1	*	ENSG00000133424	C	T	192	PASS
chr22	34181047	34181047	1	*	ENSG00000133424	T	C	176	PASS
chr22	34214875	34214875	1	*	ENSG00000133424	C	T	210	PASS
chr22	34259757	34259757	1	*	ENSG00000133424	G	GA	1060	PASS
chr18	2661978	2661979	2	*	ENSG00000101596	AC	A	1528	PASS
chr18	2724930	2724930	1	*	ENSG00000101596	A	T	561	PASS
chr19	47275163	47275163	1	*	ENSG00000181027	A	G	415	PASS
chr19	38927714	38927714	1	*	ENSG00000196218	G	A	111	PASS
chr19	38982225	38982225	1	*	ENSG00000196218	C	T	138	PASS
chr19	39021070	39021071	2	*	ENSG00000196218	AT	A	387	PASS
chr7	16172161	16172161	1	*	ENSG00000214960	T	A	655	PASS
chr7	16266351	16266351	1	*	ENSG00000214960	G	A	670	PASS
chr7	16322114	16322114	1	*	ENSG00000214960	C	T	167	PASS
chr7	16366098	16366098	1	*	ENSG00000214960	T	C	516	PASS
chr7	16386823	16386823	1	*	ENSG00000214960	A	C	697	PASS
chr7	16432688	16432688	1	*	ENSG00000214960	G	C	203	PASS
chr9	108329035	108329035	1	*	ENSG00000106692	C	T	286	PASS
chr9	136379890	136379890	1	*	ENSG00000187616	A	G	357	PASS
chr10	74180583	74180583	1	*	ENSG00000107745	G	A	149	PASS
chr10	74237247	74237247	1	*	ENSG00000107745	C	CT	484	PASS
chr10	74300244	74300244	1	*	ENSG00000107745	A	C	199	PASS
chr10	74357917	74357917	1	*	ENSG00000107745	T	C	239	PASS
chr17	45024057	45024057	1	*	ENSG00000108433	C	T	211	PASS
chr17	45061077	45061077	1	*	ENSG00000108433	A	G	176	PASS
chr17	45078850	45078850	1	*	ENSG00000108433	T	A	233	PASS
chr17	1410882	1410882	1	*	ENSG00000132376	T	G	197	PASS
chr17	40570697	40570697	1	*	ENSG00000177469	T	A	258	PASS
chr6	75817880	75817880	1	*	ENSG00000111799	C	A	619	PASS
chr6	152495843	152495843	1	*	ENSG00000131018	A	G	213	PASS
chr6	152539054	152539054	1	*	ENSG00000131018	A	C	160	PASS
chr6	152620782	152620782	1	*	ENSG00000131018	T	C	210	PASS
chr6	152666884	152666884	1	*	ENSG00000131018	T	G	596	PASS
chr6	152707929	152707933	5	*	ENSG00000131018	TTAAC	T	710	PASS
chr6	152766142	152766142	1	*	ENSG00000131018	C	G	265	PASS
chr6	152807340	152807342	3	*	ENSG00000131018	AAT	A	709	PASS
chr6	129250823	129250823	1	*	ENSG00000196569	C	CT	1234	PASS
chr6	129288041	129288041	1	*	ENSG00000196569	A	G	567	PASS
chr6	129361569	129361569	1	*	ENSG00000196569	A	C	650	PASS
chr6	129391834	129391834	1	*	ENSG00000196569	G	T	674	PASS
chr6	129433338	129433338	1	*	ENSG00000196569	T	C	224	PASS
chr6	129507909	129507909	1	*	ENSG00000196569	A	C	135	PASS
chr6	129548522	129548522	1	*	ENSG00000196569	G	A	96	PASS
chr6	129600304	129600304	1	*	ENSG00000196569	G	A	632	PASS
chr6	129657968	129657968	1	*	ENSG00000196569	G	A	464	PASS
chr6	129726873	129726873	1	*	ENSG00000196569	A	G	620	PASS
chr6	129760831	129760831	1	*	ENSG00000196569	T	C	537	PASS
chr12	56080164	56080164	1	*	ENSG00000135424	T	G	153	PASS
chr5	138420072	138420072	1	*	ENSG00000120725	C	T	63	PASS
chr5	138517485	138517485	1	*	ENSG00000120725	C	T	183	PASS
chr13	110981007	110981007	1	*	ENSG00000134871	C	G	162	PASS
chr13	111026738	111026738	1	*	ENSG00000134871	T	A	281	PASS
chr13	111062015	111062015	1	*	ENSG00000134871	T	G	581	PASS
chr13	111101752	111101752	1	*	ENSG00000134871	A	T	486	PASS
chr13	111119077	111119077	1	*	ENSG00000134871	A	G	516	PASS
chr13	111135250	111135250	1	*	ENSG00000134871	G	T	413	PASS
chr13	110808389	110808389	1	*	ENSG00000187498	A	C	218	PASS
chr13	110836810	110836810	1	*	ENSG00000187498	C	T	194	PASS
chr13	110872277	110872277	1	*	ENSG00000187498	G	A	370	PASS
chr13	110905967	110905967	1	*	ENSG00000187498	T	TTATAATTATATGTGTATGTATGTATTACATATACG	822	PASS
chr13	110939664	110939664	1	*	ENSG00000187498	C	T	133	PASS
chr2	71703968	71703968	1	*	ENSG00000135636	T	TC	297	PASS
chr2	71734431	71734431	1	*	ENSG00000135636	G	T	143	PASS
chr2	71762232	71762232	1	*	ENSG00000135636	C	T	173	PASS
chr2	71835395	71835395	1	*	ENSG00000135636	C	T	380	PASS
chr2	71881226	71881226	1	*	ENSG00000135636	A	G	688	PASS
chr2	238243375	238243375	1	*	ENSG00000163359	C	T	137	PASS
chr21	47403873	47403873	1	*	ENSG00000142156	C	T	152	PASS
chr21	47547086	47547086	1	*	ENSG00000142173	G	T	225	PASS
chr4	184602307	184602307	1	*	ENSG00000168538	A	G	200	PASS
chr8	145027413	145027413	1	*	ENSG00000178209	G	GC	140	PASS
